ID,Style ID,Name,OG Low,OG High,OG Plato Low,OG Plato High,FG Low,FG High,FG Plato Low,FG Plato High,Alcohol by Weight Low (%),Alcohol by Weight High (%),Volume Low (%),Volume High (%),Bitterness Low (IBU) ,Bitterness High (IBU) ,Color Low SRM,Color High SRM,Color Low EBC,Color High EBC,Color,Clarity,Perceived Malt Aroma & Flavor,Perceived Hop Aroma & Flavor,Perceived Bitterness,Fermentation Characteristics,Body,Additional notes
1,1,Ordinary Bitter,1.033,1.038,8.3,9.5,1.006,1.012,1.5,3.1,2.4,3.3,3,4.2,20,35,5,12,10,24, Gold to copper-colored, Chill haze is allowable at cold temperatures, Low to medium residual malt sweetness should be present, Very low to medium-low, Medium," Mild carbonation traditionally characterizes draft-cask versions, but in bottled versions, a slight increase in carbon dioxide content is acceptable. Fruity esters are acceptable. Diacetyl is usually absent in these beers but may be present at low levels.", Low to medium," When using these guidelines as the basis for evaluating entries at competitions, competition organizers may choose to create subcategories which reflect English and American hop character."
2,1,Special Bitter or Best Bitter,1.038,1.045,9.5,1.2,1.006,1.012,1.5,3.1,3.3,3.8,4.2,4.8,28,40,6,14,12,28, Deep gold to deep copper, Chill haze is acceptable at low temperatures, Medium residual malt sweetness should be present, Very low to medium at the brewer’s discretion, Medium and not harsh," Low carbonation traditionally characterizes draft-cask versions, but in bottled versions, a slight increase in carbon dioxide content is acceptable. Fruity esters are acceptable. Diacetyl is usually absent in these beers but may be present at low levels.", Medium," When using these guidelines as the basis for evaluating entries at competitions, competition organizers may choose to create subcategories which reflect English and American hop character."
3,1,Extra Special Bitter,1.046,1.06,11.4,14.7,1.01,1.016,2.6,4.1,3.8,4.6,4.8,5.8,30,45,8,17,16,34, Amber to deep copper, Chill haze is acceptable at low temperatures, Medium to medium-high, Medium to medium-high, Medium to medium-high," Low carbonation traditionally characterizes draft-cask versions, but in bottled versions, a slight increase in carbon dioxide content is acceptable. The overall impression is refreshing and thirst quenching. Fruity esters are acceptable. Diacetyl is usually absent in these beers but may be present at low levels.", Medium, Entries in this subcategory exhibit hop aroma and flavor attributes typical of traditional English hop varieties.
4,1,Scottish-Style Light Ale,1.03,1.035,7.6,8.8,1.006,1.01,1.5,2.6,2.2,2.8,2.8,3.5,9,20,6,15,12,30, Gold to light brown, Chill haze is acceptable at low temperatures," Malty, caramel aroma may be present. A low to medium-low, soft and chewy caramel malt ﬂavor should be present.", Should not be present, Low," Yeast attributes such as diacetyl and sulfur are acceptable at very low levels. Bottled versions may contain higher amounts of carbon dioxide than is typical for lightly carbonated draft versions. Fruity esters, if present, are low.", Low," These beers differ significantly from Scotch Ale, especially regarding original gravity, alcohol content and malt attributes. While there are conflicting theories as to whether traditional Scottish Light Ale exhibited peat smoke character, the current marketplace offers many examples with peat smoke character present at low to medium-low levels. Peat smoke attributes may be absent or present at low to medium-low levels. Versions exhibiting higher levels of smoke character are categorized as Smoke Beer."
5,1,Scottish-Style Heavy Ale,1.035,1.04,8.8,10,1.01,1.014,2.6,3.6,2.8,3.2,3.5,4.1,12,20,8,30,16,60, Amber to dark brown, Chill haze is acceptable at low temperatures," Malty, caramel aroma is present. The style exhibits a medium degree of sweet malt and caramel. The overall impression is smooth and balanced.", Should not be present, Perceptible but low," Yeast attributes such as diacetyl and sulfur are acceptable at very low levels. Bottled versions may contain higher amounts of carbon dioxide than is typical for lightly carbonated draft versions. Fruity esters, if present, are low.", Medium with a soft chewy character," These beers differ significantly from Scotch Ale, especially regarding original gravity, alcohol content and malt attributes. While there are conflicting theories as to whether traditional Scottish Heavy Ale exhibited peat smoke character, the current marketplace offers many examples with peat smoke character present at low to medium-low levels. Peat smoke attributes may be absent or present at low to medium-low levels. Versions exhibiting higher levels of smoke character are categorized as Smoke Beer."
6,1,Scottish-Style Export Ale,1.04,1.05,10,0.4,1.01,1.018,2.6,4.6,3.2,4.2,4.1,5.3,15,25,9,19,18,38, Medium amber to dark chestnut brown, Chill haze is acceptable at low temperatures, Sweet malt and caramel aromas and flavors define the character of a Scottish Export, Should not be present, Low to medium," Fruity esters, if present, are low. Yeast attributes such as diacetyl and sulfur are acceptable at very low levels. Bottled versions may contain higher amounts of carbon dioxide than is typical for lightly carbonated draft versions.", Medium," These beers differ significantly from Scotch Ale, especially regarding original gravity, alcohol content and malt attributes. While there are conflicting theories as to whether traditional Scottish Export Ale exhibited peat smoke character, the current marketplace offers many examples with peat smoke character present at low to medium-low levels. Peat smoke attributes may be absent or present at low to medium-low levels. Versions exhibiting higher levels of smoke character are categorized as Smoke Beer."
7,1,English-Style Summer Ale,1.036,1.05,9,4,1.006,1.012,1.5,3.1,2.9,4,3.7,5.1,20,30,3,6,6,12, Straw to gold, Chill haze is acceptable at low temperatures, Residual malt sweetness is low to medium. Torriﬁed or malted wheat is often used in quantities of 25 percent or less. Malt attributes such as biscuity or low levels of caramel are present.," English, American or noble-type hop aroma should be low to medium. English, American or noble-type hop ﬂavor should not be assertive and should be well balanced with malt character.", Medium-low to medium," Mild carbonation traditionally characterizes draft-cask versions, but in bottled versions, a slight increase in carbon dioxide content is acceptable. Fruity esters are low to medium. Diacetyl and DMS should not be present.", Low to medium-low, The overall impression is refreshing and thirst quenching
8,1,Classic English-Style Pale Ale,1.04,1.056,10,0.8,1.008,1.016,2.1,4.1,3.5,4.2,4.4,5.3,20,40,5,12,10,24, Gold to copper, Chill haze is acceptable at low temperatures, Low to medium malt aroma and ﬂavor is present. Low caramel character is allowable.," Medium-low to medium-high, expressed as ﬂoral, herbal, earthy, stone fruit or other attributes. While English hop character should be present, this can result from the skillful use of hops of other origin.", Medium-low to medium-high, Fruity esters are medium to medium-high. Diacetyl is usually absent in these beers but may be present at very low levels., Medium,
9,1,English-Style India Pale Ale,1.046,1.064,11.4,15.7,1.012,1.018,3.1,4.6,3.6,5.6,4.5,7.1,35,63,6,14,12,28, Gold to copper, Chill haze is acceptable at low temperatures, Medium malt ﬂavor should be present," Medium to high, expressed as ﬂoral, herbal, earthy, stone fruit or other attributes from high hopping rates. While English hop character should be present, this can result from the skillful use of hops of other origin.", Medium to high," Fruity esters are medium to high. Traditional interpretations are characterized by medium to medium-high alcohol content. The use of water with high mineral content results in a crisp, dry beer with a subtle and balanced character of sulfur compounds. Diacetyl can be absent or may be present at very low levels.", Medium," Non-English hops may be used for bitterness or for approximating traditional English hop character. The use of water with high mineral content may result in a crisp, dry beer rather than a malt-accentuated version."
10,1,Strong Ale,1.06,1.125,14.7,29,1.014,1.04,3.6,10,5.5,8.9,7,11.3,30,65,8,21,16,42, Amber to dark brown, Chill haze is acceptable at low temperatures, Medium to high malt and caramel sweetness. Very low levels of roast malt may be present., Not present to very low," Present but minimal, and balanced with malt ﬂavors."," Rich, often sweet and complex fruity ester attributes can contribute to the profile of Strong Ales. Alcohol types can be varied and complex. Diacetyl is usually absent in these beers but may be present at very low levels.", Medium to full," When using these guidelines as the basis for evaluating entries at competitions, competition organizers may choose to split this category into subcategories which reflect strong and very strong versions."
11,1,Old Ale,1.058,1.088,14.3,21.1,1.014,1.03,3.6,7.6,5,7.2,6.3,9.1,30,65,12,30,24,60, Copper-red to very dark, Chill haze is acceptable at low temperatures, Fruity esters can enhance and complement the malt aroma and ﬂavor proﬁle. Old Ales have malt and sometimes caramel sweetness., Very low to medium, Present but minimal," Fruity esters can contribute to the character of these beers. Alcohol types can be varied and complex. A distinctive quality of Old Ales is that they undergo an aging process, often for years. Aging can occur on their yeast either in bulk storage or through conditioning in the bottle. This contributes to a rich, wine-like and often sweet oxidized character. Complex estery attributes may also emerge. Diacetyl is usually absent in these beers but may be present at very low levels.", Medium to full," Low level attributes typical of wood aging such as vanilla are acceptable. Brettanomyces and acidity reﬂect historical character; low level attributes such as horsey, goaty, leathery, phenolic, etc. and acidity may be present and balanced with other ﬂavors. Residual ﬂavors that come from liquids previously aged in a barrel, such as bourbon or sherry, should not be present."
12,1,English-Style Pale Mild Ale,1.03,1.036,7.6,9,1.004,1.008,1,2.1,2.7,3.4,3.4,4.4,10,20,6,9,12,18, Light amber to medium amber, Chill haze is acceptable at low temperatures, Malt ﬂavor and aroma dominate the ﬂavor proﬁle, Hop aroma and ﬂavor range from very low to low, Very low to low, Diacetyl is usually absent in these beers but may be present at very low levels. Fruity esters are very low to medium-low., Low to medium-low,
13,1,English-Style Dark Mild Ale,1.03,1.036,7.6,9,1.004,1.008,1,2.1,2.7,3.4,3.4,4.4,10,24,17,34,34,68, Reddish-brown to very dark, Chill haze is acceptable at low temperatures," Malt attributes such as caramel, licorice, roast or others may be present in aroma and flavor.", Very low, very low to low, Diacetyl is usually absent in these beers but may be present at very low levels. Fruity esters are very low to medium-low., Medium-low to medium,
14,1,English-Style Brown Ale,1.04,1.05,10,0.4,1.008,1.014,2.1,3.6,3.3,4.7,4.2,6,12,25,12,24,24,48, Copper to dark brown, Chill haze is acceptable at low temperatures, Roast malt may contribute to a biscuit or toasted aroma proﬁle. Roast malt may contribute to the ﬂavor proﬁle. Malt profile can range from dry to sweet., Very low, Very low to low, Low to medium-low level fruity esters are appropriate. Diacetyl is usually absent in these beers but may be present at very low levels., Medium,
15,1,Brown Porter,1.04,1.05,10,0.4,1.006,1.014,1.5,3.6,3.5,4.7,4.4,6,20,30,20,35,40,70, Dark brown to very dark. May have red tint.," Beer color may be too dark to perceive clarity. When clarity is perceivable, chill haze is acceptable at low temperatures.", Low to medium malt sweetness. Caramel and chocolate attributes are acceptable. Strong roast barley or strong burnt or black malt character should not be present., Very low to medium, Medium, Fruity esters are acceptable. Diacetyl is usually absent in these beers but may be present at low levels., Low to medium,
16,1,Robust Porter,1.045,1.06,11.2,14.7,1.008,1.016,2.1,4.1,4,5.2,5.1,6.6,25,40,30,,60,, Very dark brown to black, Opaque," Medium to medium-high. Malty sweetness, roast malt, cocoa and caramel should be in harmony with bitterness from dark malts.", Very low to medium, Medium to high, Fruity esters should be present and balanced with all other characters. Diacetyl should not be present., Medium to full,
17,1,Sweet Stout or Cream Stout,1.045,1.056,11.2,13.8,1.012,1.02,3.1,5.1,2.5,5,3.2,6.3,15,25,40,,80,, Black, Opaque," Medium to medium-high. Malt sweetness, chocolate and caramel should contribute to the aroma and should dominate the ﬂavor proﬁle. Roast ﬂavor may be present. Low to medium-low roasted malt-derived bitterness should be present.", Should not be present, Low to medium-low and serves to balance and suppress some of the sweetness without contributing apparent ﬂavor and aroma," Fruity esters, if present, are low. Diacetyl should not be present.", Full-bodied. Body can be increased with the addition of milk sugar (lactose).,
18,1,Oatmeal Stout,1.038,1.056,9.5,3.8,1.008,1.02,2.1,5.1,3,4.8,3.8,6.1,20,40,20,,40,, Dark brown to black," Beer color may be too dark to perceive. When clarity is perceivable, chill haze is acceptable at low temperatures."," Coffee, caramel, roasted malt or chocolate aromas should be prominent. Roasted malt character of caramel or chocolate should be smooth without bitterness."," Optional, but if present should not upset the overall balance.", Medium," Oatmeal is used in the grist, resulting in a pleasant, full ﬂavor without being grainy. Fruity esters are not present to very low. Diacetyl is usually absent in these beers but may be present at very low levels.", Full,
19,1,Scotch Ale or Wee Heavy,1.072,1.085,17.5,20.4,1.016,1.028,4.1,7.1,5.2,6.7,6.6,8.5,25,35,15,30,30,60, Light reddish-brown to very dark, Chill haze is acceptable at low temperatures, Scotch Ales are aggressively malty with a rich and dominant sweet malt aroma and ﬂavor. A caramel character is often part of the proﬁle. Dark roasted malt ﬂavors may be present at low levels., Not present to very low, Not present to very low," Fruity esters, if present, are generally at low levels. Diacetyl is usually absent in these beers but may be present at low levels.", Full," Pleasant, low level oxidation is acceptable in Scotch Ales. Examples exhibiting more prevalent oxidation are categorized as Aged Beer. While there are conflicting theories as to whether traditional Scotch Ales exhibited peat smoke character, the current marketplace offers many examples with peat smoke character present at low to medium levels. Peat smoke attributes may be absent or present at low to medium levels. Versions exhibiting higher levels of smoke character are categorized as Smoke Beer."
20,1,British-Style Imperial Stout,1.08,1.1,19.3,23.7,1.02,1.03,5.1,7.6,5.5,9.5,7,12,45,65,20,35,40,70," Ranging from dark copper typical of some historic examples, to very dark more typical of contemporary examples"," Opaque in darker versions. When clarity is perceivable, chill haze is acceptable at low temperatures."," Extremely rich malty ﬂavor, often expressed as toffee or caramel, and may be accompanied by very low roasted malt astringency."," Very low to medium, with ﬂoral, citrus or herbal qualities.", Medium and should not overwhelm the overall balance. The bitterness may be higher in darker versions while maintaining balance with sweet malt., High alcohol content is evident. Fruity esters if present are medium to high. Diacetyl should not be present., Full, This style was also originally called “Russian Imperial Stout.”
21,1,British-Style Barley Wine Ale,1.085,1.12,20.4,28,1.024,1.028,6.1,7.1,6.7,9.6,8.5,12.2,40,65,11,36,22,72, Tawny copper to deep red/copper-garnet, Chill haze is acceptable at low temperatures, Residual malty sweetness is high, Hop aroma and ﬂavor are very low to medium. English type hops are often used but are not required for this style., Low to medium, Complexity of alcohols and fruity ester attributes are often high and balanced with the high alcohol content. Low levels of diacetyl are acceptable. Caramel and some oxidized character (vinous aromas and/or ﬂavors) may be considered positive attributes., Full,
22,2,Irish-Style Red Ale,1.04,1.048,10,0.9,1.01,1.014,2.6,3.6,3.2,3.8,4,4.8,20,28,11,18,22,36, Copper-red to reddish-brown, Chill haze or yeast haze may be present at low levels, Low to medium candy-like caramel malt sweetness should be present in ﬂavor. A toasted malt character should be present and there may be a slight roast barley or roast malt presence., Not present to medium, Medium, Low level fruity esters are acceptable. Diacetyl is usually absent in these beers but may be present at very low levels., Medium,
23,2,Classic Irish-Style Dry Stout,1.038,1.048,9.5,1.9,1.008,1.012,2.1,3.1,3.2,4.2,4.1,5.3,30,40,40,,80,, Black, Opaque, The prominence of coffee-like roasted barley and a moderate degree of roasted malt aroma and flavor deﬁnes much of the character. The hallmark dry-roasted attributes typical of Dry Stout result from the use of roasted barley. Initial malt and light caramel ﬂavors give way to a distinctive dry-roasted bitterness in the ﬁnish., European hop character may range from not present to low in aroma and ﬂavor, Medium to medium-high, Fruity esters are low relative to malt and roasted barley as well as hop bitterness. Diacetyl is usually absent in these beers but may be present at very low levels. Slight acidity may be present but is not required., Medium-light to medium, Head retention should be persistent
24,2,Export-Style Stout,1.052,1.072,12.9,17.5,1.008,1.02,2.1,5.1,4.5,6.4,5.6,8,30,60,40,,80,, Black, Opaque, Coffee-like roasted barley and roasted malt aromas are prominent. Initial malt and light caramel ﬂavors give way to a distinctive dry-roasted bitterness in the ﬁnish., Should not be present," May be analytically high, but the perception is lessened by malt sweetness.", Fruity esters are low. Diacetyl is usually absent in these beers but may be present at very low levels. Slight acidity is acceptable., Medium to full, Head retention should be persistent
25,3,Golden or Blonde Ale,1.045,1.054,11.2,13.3,1.008,1.016,2.1,4.1,3.2,4,4.1,5.1,15,25,3,7,6,14, Straw to gold, Chill haze should not be present," Low malt sweetness and toast, cereal-like or other pale malt attributes should be present in ﬂavor and aroma at low to medium-low levels."," Hop aroma and ﬂavor should be medium-low to medium, with attributes typical of hops of any origin present but not dominant.", Low to medium, Fruity esters may be present at low to medium-low levels. Diacetyl and DMS should not be present., Low to medium with a crisp finish,
26,3,American-Style Amber/Red Ale,1.048,1.058,11.9,14.3,1.01,1.018,2.5,4.6,3.5,4.8,4.4,6.1,25,45,11,18,22,36, Copper to reddish-brown, Chill haze is acceptable at low temperatures, Medium-high to high maltiness with low to medium caramel character, American-variety hop character may range from low to medium-low in aroma and flavor, Medium to medium-high," Fruity esters, if present, are low. Diacetyl is usually absent in these beers but may be present at very low levels.", Medium to medium-high,
27,3,American-Style Pale Ale,1.044,1.05,11,0.4,1.008,1.014,2.1,3.6,3.5,4.3,4.4,5.4,30,50,4,7,8,14, Straw to light amber, Chill haze is acceptable at low temperatures. Hop haze is allowable at any temperature., Low caramel malt aroma is allowable. Low to medium maltiness may include low caramel malt character.," High, exhibiting ﬂoral, fruity (berry, tropical, stone fruit and other), sulfur, diesel-like, onion-garlic, catty, citrusy, piney or resinous character that was originally associated with American-variety hops. Hops with these attributes now also originate from countries other than the U.S.", Medium to medium-high, Fruity esters may be low to high. Diacetyl should not be present., Medium,
28,3,Juicy or Hazy Pale Ale,1.044,1.05,11,0.4,1.008,1.014,2.1,3.6,3.5,4.3,4.4,5.4,5,30,3,7,6,14, Straw to light amber," Low to very high degree of cloudiness is typical of these beers. Starch, yeast, hop, protein and/or other compounds contribute to a wide range of hazy appearance within this category.", Low to medium-low malt aroma and flavor may be present," Medium-high to very high hop aroma and flavor are present, with attributes typical of hops from any origin.", Low to medium. The impression of bitterness is soft and well-integrated into overall balance and may differ significantly from measured or calculated IBU levels., Medium-low to medium-high fruity esters are present and can contribute to the perception of sweetness and be complementary to the hop profile. Diacetyl should not be present., Medium-low to medium-high. Perceived silky or full mouthfeel may contribute to overall flavor profile.," Grist may include oats, wheat or other adjuncts to promote haziness. The term “juicy” is frequently used to describe taste and aroma attributes often present in these beers which result from late, often very large, additions of hops. A juicy character is not required, however. Other hop-derived attributes such as citrus, pine, spice, floral or others may be present with or without the presence of juicy attributes."
29,3,American-Style Strong Pale Ale,1.05,1.06,12.4,14.7,1.008,1.016,2.1,4.1,4.4,5.6,5.6,7,40,50,4,14,8,28, Pale to copper, Chill haze is acceptable at low temperatures. Hop haze is allowable at any temperature., Low caramel malt aroma is allowable. Low level maltiness may include low caramel malt character.," High, exhibiting ﬂoral, fruity (berry, tropical, stone fruit and other), sulfur, diesel-like, onion-garlic, catty, citrusy, piney or resinous character that was originally associated with American-variety hops. Hops with these attributes now also originate from countries other than the USA.", High, Fruity esters may be low to high. Diacetyl should not be present., Medium,
30,3,Juicy or Hazy Strong Pale Ale,1.05,1.06,12.4,14.7,1.008,1.016,2.1,4.1,4.4,5.6,5.6,7,20,40,3,7,6,14, Straw to deep light amber," Low to very high degree of cloudiness is typical of these beers. Starch, yeast, hop, protein and/or other compounds contribute to a wide range of hazy appearance within this category.", Low to medium-low malt aroma and flavor may be present," Medium-high to very high hop aroma and flavor are present, with attributes typical of hops from any origin.", Low to medium. The impression of bitterness is soft and well-integrated into overall balance and may differ significantly from measured or calculated IBU levels., Medium-low to medium-high fruity esters may be present and can contribute to the perception of sweetness and be complementary to the hop profile. Diacetyl should not be present., Medium-low to medium-high. A silky or full mouthfeel may contribute to overall flavor profile.," Grist may include oats, wheat or other adjuncts to promote haziness. The term “juicy” is frequently used to describe taste and aroma attributes often present in these beers which result from late, often very large, additions of hops. A juicy character is not required, however. Other hop-derived attributes such as citrus, pine, spice, floral or others may be present with or without the presence of juicy attributes."
31,3,American-Style India Pale Ale,1.06,1.07,14.7,17.1,1.01,1.016,2.5,4.1,5,6,6.3,7.5,50,70,6,12,12,24, Gold to copper, Chill haze is acceptable at low temperatures. Hop haze is allowable at any temperature., Medium-low to medium intensity malt attributes are present in aroma and ﬂavor," High, exhibiting ﬂoral, fruity (berry, tropical, stone fruit and other), sulfur, diesel-like, onion-garlic, catty, citrusy, piney or resinous character that was originally associated with American-variety hops. Hops with these attributes now also originate from countries other than the USA.", Medium-high to very high, Fruity esters are low to high. Diacetyl and DMS should not be present., Medium-low to medium," The use of water with high mineral content may result in a crisp, dry beer rather than a malt-accentuated version. Sugar adjuncts may be used to enhance body and balance. Hops of varied origins may be used for bitterness or for approximating traditional American character. Versions of this style brewed with darker malts, non-traditional ale yeasts, fruits, spices or other flavorings are categorized as Experimental India Pale Ales."
32,3,Juicy or Hazy India Pale Ale,1.06,1.07,14.7,17.1,1.008,1.02,2,5,5,6,6.3,7.5,30,50,3,7,6,14, Straw to deep light amber," Low to very high degree of cloudiness is typical of these beers. Starch, yeast, hop, protein and/or other compounds contribute to a wide range of hazy appearance within this category.", Low to medium-low malt aroma and flavor may be present," Medium-high to very high hop aroma and flavor are present, with attributes typical of hops from any origin", Low to medium. The impression of bitterness is soft and well-integrated into overall balance and may differ significantly from measured or calculated IBU levels.," Medium to medium-high fruity esters are present, and can contribute to the perception of sweetness and be complementary to the hop profile. Diacetyl should not be present.", Medium-low to medium-high. A silky or full mouthfeel may contribute to overall flavor profile.," Grist may include oats, wheat or other adjuncts to promote haziness. Lactose may be used to enhance body and balance. Lactose should not lend to, or overwhelm, the flavor character of these beers. The term “juicy” is frequently used to describe taste and aroma attributes often present in these beers which result from late, often very large, additions of hops. A juicy character is not required, however. Other hop-derived attributes such as citrus, pine, spice, floral or others may be present with or without the presence of juicy attributes. Versions of this style brewed with darker malts, non-traditional ale yeasts, fruits, spices or other flavorings are categorized as Experimental India Pale Ales."
33,3,American-Belgo-Style Ale,,,,,,,,,,,,,,,,,,, Gold to black, Should conform the base beer style, Typically low. Perception of specialty or roasted malts or barley can be very low to robust in darker versions.," Medium to very high, exhibiting American-type hop aromas not usually found in traditional Belgian styles.", Medium to very high," Fruity esters are medium to high. Belgian yeast attributes such as banana, berry, apple, coriander, spice and/or smoky-phenolic should be in balance with malt and hops. Diacetyl, sulfur and attributes typical of Brettanomyces should not be present.", Medium-low to medium," American-Belgo-Style Ales are either 1) non-Belgian beer types portraying the unique characters imparted by yeasts typically used in big, fruity Belgian-style ales, or 2) deﬁned Belgian-style beers displaying the hallmark attributes typical of American variety hops. These beers are unique unto themselves."
34,3,American-Style Brown Ale,1.04,1.06,10,0.7,1.01,1.018,2.6,4.6,3.3,5,4.2,6.3,30,45,15,26,30,52, Deep copper to very dark brown, Chill haze is acceptable at low temperatures," Medium levels of roasted malt, caramel and chocolate aromas and flavors should be present.", Medium-low to medium-high, Medium to high, Low to medium-low fruity esters may be present. Diacetyl should not be present., Medium,
35,3,American-Style Black Ale,1.056,1.075,13.8,18.2,1.012,1.018,3.1,4.6,5,6,6.3,7.6,40,70,35,,70,, Very dark to black, Opaque, Low to medium-low caramel malt and dark roasted malt aromas and ﬂavors are present. Astringency and burnt character of roast malt should be absent.," Medium-high to high, with fruity, citrusy, piney, ﬂoral, herbal or other aromas derived from hops of all origins.", Medium-high to high, Fruity esters are low to medium. Diacetyl should not be present., Medium, Black ales that don’t meet the specifications for American-Style Black Ale may possibly be categorized as Experimental India Pale Ale category.
36,3,American-Style Stout,1.05,1.075,12.4,18.2,1.01,1.022,2.6,5.6,4.5,6.4,5.7,8,35,60,40,,80,, Black, Opaque," Coffee-like roasted barley and roasted malt aromas are prominent. Low to medium malt sweetness with low to medium caramel, chocolate, and/or roasted coffee ﬂavor should be present, with a distinct dry-roasted bitterness in the ﬁnish. Astringency from roasted malt and roasted barley is low. Slight roasted malt acidity is acceptable."," Medium to high, often with citrusy and/or resiny hop qualities typical of many American hop varieties.", Medium to high, Fruity esters are low. Diacetyl is usually absent in these beers but may be present at very low levels., Medium to full, Head retention should be persistent
37,3,American-Style Imperial Porter,1.08,1.1,19.3,23.7,1.02,1.03,5.1,7.6,5.5,9.5,7,12,35,50,40,,80,, Black, Opaque," No roast barley or strong burnt/black malt character should be present. Medium malt, caramel and cocoa sweetness should be present.", Low to medium-high, Medium-low to medium, Fruity esters are present but not overpowering and should complement hop character and malt-derived sweetness. Diacetyl should not be present absent., Full,
38,3,American-Style Imperial Stout,1.08,1.1,19.3,23.7,1.02,1.03,5.1,7.6,5.5,9.5,7,12,50,80,40,,80,, Black, Opaque, Extremely rich malty aroma is typical. Extremely rich malty ﬂavor with full sweet malt character is typical. Roasted malt astringency and bitterness can be moderate but should not dominate the overall character.," Medium-high to high with ﬂoral, citrus and/or herbal character.", Medium-high to very high and balanced with rich malt character., Fruity esters are high. Diacetyl should not be present., Full,
39,3,Double Hoppy Red Ale,1.058,1.08,14.3,19.3,1.015,1.024,3.9,6.1,4.9,6.3,6.1,7.9,45,80,10,17,20,34, Deep amber to dark copper/reddish-brown, Chill haze is acceptable at low temperatures, Medium to medium-high caramel malt character should be present in ﬂavor and aroma. Low to medium biscuit or toasted malt character may also be present.," Hop aroma is high, derived from any variety of hops. Hop ﬂavor is high and balanced with other beer attributes.", High to very high, Alcohol content is medium to high. Complex alcohol ﬂavors may be present. Fruity esters are medium. Diacetyl should not be present., Medium to full,
40,3,Imperial Red Ale,1.08,1.1,19.3,23.7,1.02,1.028,5.1,7.1,6.3,8.4,8,10.6,55,85,10,17,20,34, Deep amber to dark copper/reddish-brown, Chill haze is acceptable at low temperatures, Medium to high caramel malt character is present in aroma and ﬂavor," High, derived from any variety of hops. Hop ﬂavor is prominent and balanced with other beer attributes.", Very high, Very high alcohol is a hallmark of this style. Complex alcohol ﬂavors may be present. Fruity esters are medium. Diacetyl should not be present., Full,
41,3,American-Style Imperial or Double India Pale Ale,1.07,1.1,17.1,23.7,1.012,1.02,3.1,5.1,6,8.4,7.6,10.6,65,100,2,9,4,18, Straw to medium amber, Chill haze is acceptable at low temperatures. Haze created by dry hopping is allowable at any temperature., Low to medium pale malt character is typical. Low pale caramel malt character may be present.," Hop aroma and ﬂavor is very high. Hop character should be fresh and evident, derived from any variety of hops. Hop ﬂavor should not be harsh.", Very high but not harsh, Alcohol content is medium-high to high and evident. Fruity esters are medium to high. Diacetyl should not be present., Medium to full," This style of beer should exhibit the fresh character of hops. Oxidized or aged character should not be present. Versions of this style brewed with darker malts, non-traditional ale yeasts, fruits, spices or other flavorings are categorized as Experimental India Pale Ales."
42,3,Juicy or Hazy Imperial or Double India Pale Ale,1.07,1.1,17.1,23.7,1.012,1.024,3.1,6,6,8.4,7.6,10.6,45,80,3,7,6,14, Straw to light amber," Low to very high degree of cloudiness is typical of these beers. Starch, yeast, hop, protein and/or other compounds contribute to a wide range of hazy appearance within this category.", Low to high malt aroma and flavor may be present," High to very high hop aroma and flavor are present, with attributes typical of hops from any origin."," Low to medium. The impression of bitterness is soft and well-integrated into overall balance, and may differ significantly from measured or calculated IBU levels."," Medium-high to high fruity esters are present, and can contribute to the perception of sweetness and be complementary to the hop profile. Diacetyl should not be present.", Medium to high. A silky or full mouthfeel may contribute to overall flavor profile.," Grist may include oats, wheat or other adjuncts to promote haziness. The term “juicy” is frequently used to describe taste and aroma hop-derived attributes often present in these beers which result from late, often very large, additions of hops. A juicy character is not required, however. Other hop-derived attributes such as citrus, pine, spice, floral or others may be present with or without the presence of juicy attributes. Versions of this style brewed with darker malts, non-traditional ale yeasts, fruits, spices or other flavorings are categorized as Experimental India Pale Ales."
43,3,American-Style Barley Wine Ale,1.09,1.12,21.6,28,1.024,1.028,6.1,7.1,6.7,9.6,8.5,12.2,60,100,11,18,22,36, Amber to deep red/copper-garnet, Chill haze is acceptable at low temperatures," Caramel and/or toffee malt aromas are often present. High residual malty sweetness, often with caramel and/or toffee ﬂavors, should be present."," Medium to very high. American hop varieties are often used, but are not required for this style.", High, Complex alcohols are evident. Fruity esters are often high. Diacetyl is usually absent in these beers but may be present at very low levels., Full," Vinous, sherry-like or port-like attributes arising from oxidation may be considered positive when in harmony with overall flavor profile."
44,3,American-Style Wheat Wine Ale,1.088,1.12,21.1,28,1.024,1.032,6.1,8,6.7,9.6,8.5,12.2,45,85,5,,10,, Gold to black, Chill haze is acceptable at low temperatures," Bread, wheat, honey and/or caramel malt aromas and flavors are often present. High residual malt sweetness should be present.", Low to medium, Medium to medium-high," Fruity esters are often high and balanced by a complexity of alcohols and high alcohol content. Diacetyl is usually absent in these beers but may be present at very low levels. Phenolic yeast character, sulfur, and/or DMS should not be present. Oxidized, stale and aged attributes are not typical of this style.", Full, This style is brewed with at least 50% wheat malt.
45,3,Smoke Porter,1.05,1.065,12.4,15.9,1.01,1.018,2.6,4.6,4,7,5.1,8.9,20,40,20,,40,, Dark brown to black, Opaque," Smoked porters will exhibit mild to assertive smoke malt aroma and flavor in balance with other aroma attributes. Black malt character can be present in some porters, while others may be absent of strong roast character. Roast barley character is absent to low depending on underlying porter style being smoked. Medium to high malt sweetness, and caramel and chocolate flavors, are acceptable.", None to medium, Medium to medium-high, Low to medium fruity esters are acceptable, Medium to full," When using these guidelines as the basis for evaluating entries at competitions, brewers may be asked to provide supplemental information about entries in this category to allow for accurate evaluation of diverse entries. Such information should include the traditional style of porter as well as the wood type used as a smoke source (e.g. “alder smoked brown porter”)."
46,3,American-Style Sour Ale,,,,,,,,,,,,,,,,,,, Pale to black," Chill haze, bacteria and yeast-induced haze is acceptable at any temperature."," Low. In darker versions, roasted malt, caramel and chocolate aromas and flavors should be present at low levels.", Low to high, Low to high," Moderate to intense, yet balanced, fruity esters are present. Diacetyl, DMS and Brettanomyces should not be present. The evolution of natural acidity develops a balanced complexity. The acidity present is usually in the form of lactic, acetic and other organic acids naturally developed with acidiﬁed malt in the mash or in kettle or post wort fermentation and is produced by various microorganisms including certain bacteria and yeasts. Acidic character can be a complex balance of several types of acid and attributes of age. There should be no residual ﬂavors from liquids previously aged in a barrel such as bourbon or sherry. Wood vessels may be used during the fermentation and aging process, but wood-derived ﬂavors such as vanillin should not be present.", Low to high, Beers exhibiting wood-derived characters or characters of liquids previously aged in wood are categorized as Wood-Aged Sour Beer.
47,3,American-Style Fruited Sour Ale,,,,,,,,,,,,,,,,,,, Can range from pale to black depending on underlying beer style and is often influenced by the color of added fruit," Chill haze, bacteria and yeast-induced haze is acceptable at any temperature."," Low. In darker versions, roasted malt, caramel and/or chocolate aromas and flavors should be present at low levels.", Low to High, Low to high and in balance with fruit character," Moderate to intense, yet balanced, fruity esters are present. Diacetyl, DMS and Brettanomyces should not be present. The evolution of natural acidity develops a balanced complexity. The acidity present is usually in the form of lactic, acetic and other organic acids naturally developed with acidiﬁed malt in the mash or in kettle or post wort fermentation and is produced by various microorganisms including certain bacteria and yeasts. Acidic character can be a complex balance of several types of acid and attributes of age. There should be no residual ﬂavors from liquids previously aged in a barrel such as bourbon or sherry. Wood vessels may be used during the fermentation and aging process, but wood-derived ﬂavors such as vanillin should not be present.", Low to High," Fruit aromas, ranging from subtle to intense, should be present. Fruit or fruit extracts, used as an adjunct in either the mash, kettle, primary or secondary fermentation, provide harmonious fruit character ranging from subtle to intense. Beers exhibiting wood-derived attributes or evidence of liquids previously aged in wood are categorized as Fruited Wood-Aged Sour Beer."
48,4,German-Style Koelsch,1.042,1.048,10.5,11.9,1.006,1.01,1.5,2.6,3.8,4.2,4.8,5.3,22,30,3,6,6,12, Straw to gold, Chill haze should not be present, Malt character is very low to low with soft sweetness. Caramel character should not be present.," Low, and if present, should express noble hop character.", Medium to medium-high," Fruity esters are absent to low, expressed as pear, apple or wine-like attributes when present. Diacetyl should not be present.", Low to medium-low. Dry and crisp.," Traditional examples often display persistent head retention. Small amounts of wheat can be used in brewing beers of this style. Koelsch-style beers are fermented at warmer temperatures than is typical for lagers, but at lower temperatures than most English and Belgian-style ales. They are aged cold. Ale yeast is used for fermentation. Lager yeast is sometimes used for bottle conditioning or ﬁnal cold conditioning."
49,4,German-Style Altbier,1.044,1.052,11,0.9,1.008,1.014,2.1,3.6,3.6,4.4,4.6,5.6,25,52,11,19,22,38, Copper to dark brown, Clear to slightly hazy. Chill haze should not be present, A variety of malts contributes to medium-low to medium malt aroma and flavor. Toast aroma typical of Munich malts should be present. Slight nuttiness is acceptable. Roast malt character should be present at low levels and well-integrated with the overall malt profile. Smoke character should not be present.," Low to medium with hop flavor more perceptible than aroma, with attributes typical of traditional German noble hops."," Medium to high, producing a clean dry finish. Forty-plus IBU is typical for Altbiers originating in Dusseldorf."," Fruity esters are absent to low, with attributes expressed subtly as citrus, pear, dark cherry or plum. A slight sulphur aroma is acceptable. Diacetyl should not be present.", Medium-low to medium.," The Altbier style is originally from the Dusseldorf area. The overall impression is clean, crisp and ﬂavorful with a dry ﬁnish."
50,4,Berliner-Style Weisse,1.028,1.044,7.1,11,1.004,1.006,1,1.5,2.2,4,2.8,5,3,6,2,4,4,8, Straw to pale. These are the lightest of all the German wheat beers., May appear hazy or cloudy from yeast or chill haze, Malt sweetness is absent, Not present, Not present to very low," Fruity esters are low to medium. Diacetyl should not be present. Brettanomyces character may be absent or present at low to medium levels, and if present may be expressed as horsey, goaty, leathery, phenolic, fruity and/or acidic aromas and flavors. The unique combination of yeast and lactic acid bacteria fermentation yields a beer that is acidic and highly attenuated.", Very low," Carbonation is high. Traditionally, some Berliners were brewed or served with fruit, spices or syrups. Some more contemporary versions have been brewed with other ingredients such as darker malts. Any such versions will take on corresponding hues, and may exhibit flavor and aroma attributes typical of such ingredients."
51,4,Leipzig-Style Gose,1.036,1.056,9,8,1.008,1.012,2.1,3.1,3.5,4.3,4.4,5.4,5,15,2,7,4,14, Straw to light amber, Clear to hazy. Haze may or may not be from yeast., Malt sweetness and attributes are not present to very low, Not present, Not present to low," Medium to high lactic acid character should be present and expressed as a sharp, refreshing sourness. These beers are not excessively aged.", Low to medium-low," These beers typically contain malted barley and unmalted wheat, with some versions also containing oats. Salt (table salt) and coriander may be present in low amounts or may be absent. Carbonation is high to very high. Effervescent."
52,4,Contemporary-Style Gose,1.036,1.056,9,8,1.008,1.012,2.1,3.1,3.5,4.3,4.4,5.4,5,30,3,9,6,18, Usually straw to medium amber and can take on the color of added fruits or other ingredients such as darker malts., Clear to hazy. Haze may or may not result from yeast, Malt aroma and flavor is not present to very low, Very low to low, Not present to medium," Horsey, leathery or earthy aromas contributed by Brettanomyces yeasts may be present but at low levels as these beers do not undergo prolonged aging. Contemporary Gose may be fermented with pure beer yeast strains, or with yeast mixed with bacteria. Alternatively, they may be spontaneously fermented. Low to medium lactic acid character is present in all examples expressed as a sharp, refreshing sourness.", Low to medium-low," These beers may be brewed with malted barley, wheat and oats and unmalted barley, wheat, and oats; contemporary examples may also contain other grains. As in traditional examples, low level salt (table salt) and coriander additions may or may not be present in Contemporary Gose. Attributes from the use of a wide variety of herbs, spices, ﬂowers, fruits or other ingredients not found in traditional Leipzig-Style Gose may also be present and in harmony with overall flavor profile."
53,4,South German-Style Hefeweizen,1.047,1.056,11.7,13.8,1.008,1.016,2.1,4.1,3.9,4.4,4.9,5.6,10,15,3,9,6,18, Straw to amber," If served with yeast, appearance may be very cloudy.", Very low to medium-low, Not present to very low, Very low," Med-low to med-high fruity and phenolic attributes are hallmarks of this style. Phenolic attributes such as clove, nutmeg, smoke and vanilla are present. Banana ester aroma and ﬂavor should be present at low to medium-high levels. Diacetyl should not be present.", Medium to full," These beers are made with at least 50 percent malted wheat. Hefeweizens are very highly carbonated. These beers are typically (though not always) roused during pouring, and when yeast is present, they will have a yeasty ﬂavor and a characteristically fuller mouthfeel."
54,4,South German-Style Kristal Weizen,1.047,1.056,11.7,13.8,1.008,1.016,2.1,4.1,3.9,4.4,4.9,5.6,10,15,3,9,6,18, Straw to amber," Clear with no chill haze present. Because the beer is ﬁltered, no yeast should be present.", Malt sweetness is very low to medium-low, Not present to very low, Very low, The aroma and flavor are very similar to Hefeweizen with the caveat that fruity and phenolic characters are not combined with the yeasty ﬂavor and fuller-bodied mouthfeel of yeast. The phenolic characteristics are often described as clove-like or nutmeg-like and can be smoky or even vanilla-like. A Banana-like ester aroma and flavor is often present. Diacetyl should not be present. Kristal Weizens are well attenuated and very highly carbonated., Medium to full," These beers are made with at least 50 percent malted wheat. They have no yeast ﬂavor and they exhibit a cleaner, drier mouthfeel than counterparts served with yeast."
55,4,German-Style Leichtes Weizen,1.028,1.044,7.1,11,1.004,1.008,1,2.1,2,2.8,2.5,3.5,10,15,3.5,15,7,30, Straw to copper-amber," If served with yeast, appearance may be very cloudy.", Very low to medium-low, Not present to very low, Very low, The phenolic and estery aromas typical of Weissbiers should be present but less pronounced in this style. The overall ﬂavor proﬁle is less complex than Hefeweizen due to a lower alcohol content and there is less yeasty ﬂavor. Diacetyl should not be present.," Low with a lighter mouthfeel than Hefeweizen. The German word “leicht” means light, and as such these beers are light versions of Hefeweizen."," These beers are made with at least 50 percent wheat malt. They are often roused during pouring, and when yeast is present, they will have a yeasty ﬂavor and a fuller mouthfeel."
56,4,South German-Style Bernsteinfarbenes Weizen,1.048,1.056,11.9,13.8,1.008,1.016,2.1,4.1,3.8,4.3,4.8,5.4,10,15,9,13,18,26, Amber to light brown. The German word Bernsteinfarben means amber colored.," If served with yeast, appearance may be very cloudy.", Distinct sweet maltiness and caramel or bread-like character arises from the use of medium-colored malts., Not present, Low, The phenolic and estery aromas and flavors typical of Weissbiers are present but less pronounced in Bernsteinfarbenes Weissbiers. These beers should be well attenuated and very highly carbonated. Diacetyl should not be present., Medium to full," These beers are made with at least 50 percent wheat malt. They are often roused during pouring, and when yeast is present, they will have a yeasty ﬂavor and a fuller mouthfeel."
57,4,South German-Style Dunkel Weizen,1.048,1.056,11.9,13.8,1.008,1.016,2.1,4.1,3.8,4.3,4.8,5.4,10,15,10,25,20,50, Copper-brown to very dark," If served with yeast, appearance may be very cloudy", Distinct sweet maltiness and a chocolate-like character from roasted malt characterize this beer style. Dark barley malts are frequently used along with dark Cara or color malts., Not present, Low, The phenolic and estery aromas and flavors typical of Weissbiers are present but less pronounced in Dunkel Weissbiers. Dunkel Weissbiers should be well attenuated and very highly carbonated. Diacetyl should not be present, Medium to full," These beers are made with at least 50 percent wheat malt. They are often roused during pouring, and when yeast is present, they will have a yeasty ﬂavor and a characteristically fuller mouthfeel."
58,4,South German-Style Weizenbock,1.066,1.08,16.1,19.3,1.016,1.028,4.1,7.1,5.5,7.5,7,9.5,15,35,4.5,30,9,60, Gold to very dark," If served with yeast, appearance may be very cloudy."," Medium malty sweetness should be present. If dark, a mild roast malt character should emerge in the flavor and, to a lesser degree, in the aroma.", Not present, Low," Balanced, clove-like phenolic and fruity ester banana notes produce a well-rounded ﬂavor and aroma. Diacetyl should not be present. Carbonation should be high.", Medium to full," These beers are made with at least 50 percent wheat malt. They are often roused during pouring, and when yeast is present, they will have a yeasty ﬂavor and a fuller mouthfeel."
59,4,German-Style Rye Ale,1.047,1.056,11.7,13.8,1.008,1.016,2.1,4.1,3.9,4.4,4.9,5.6,10,15,4,25,8,50," Pale to very dark, with darker versions ranging from dark amber to dark brown."," Chill haze is acceptable in versions packaged and served without yeast. In versions served with yeast, appearance may range from hazy to very cloudy."," In darker versions, malt aromas and flavors can optionally include low roasted malt characters expressed as cocoa/chocolate or caramel, and/or aromatic toffee, caramel, or biscuit attributes. Malt sweetness can vary from low to medium. Low level of roast malt astringency is acceptable when balanced with low to medium malt sweetness.", Not present, Very low to low," Low to medium banana–like and/or other fruity ester aromas and flavors are typical. Clove-like and/or other phenolic aromas and flavors should also be present. No yeast aroma should be present in versions without yeast. Versions packaged and served without yeast will not have yeast ﬂavor or full mouthfeel typical of beers with yeast. Versions with yeast will have low to medium yeast aroma and ﬂavor and a full mouthfeel, but the yeast character should not overpower the balance of rye and barley malts, esters and phenolics.", Low to medium," Grist should include at least 30 percent rye malt. Versions with yeast are often roused during pouring. When yeast is present, the beer should have a yeasty flavor and a fuller mouthfeel."
60,4,Bamberg-Style Weiss Rauchbier,1.047,1.056,11.7,13.8,1.008,1.016,2.1,4.1,3.9,4.4,4.9,5.6,10,15,4,18,8,36, Pale to chestnut brown," If served with yeast, appearance may be very cloudy."," In darker versions, a detectable degree of roast malt may be present without being aggressive. Smoky malt aroma and ﬂavor, ranging from low to high, should be present. Smoke character should be smooth, not harshly phenolic, suggesting a mild sweetness.", Not present, Low," The aroma and flavor of a Weiss Rauchbier with yeast should be fruity and phenolic. The phenolic characteristics are often described as clove, nutmeg, vanilla and smoke. Banana esters are often present at low to medium-high levels. No diacetyl should be perceived. Weissbiers are well attenuated and very highly carbonated.", Medium to full," These beers are made with at least 50 percent wheat malt. They are often roused during pouring, and when yeast is present, they will have a yeasty ﬂavor and a fuller mouthfeel."
61,5,Belgian-Style Blonde Ale,1.054,1.068,13.3,16.6,1.008,1.014,2.1,3.6,5,6.2,6.3,7.9,15,30,4,7,8,14, Pale to light amber, Chill haze is acceptable at low temperatures, Malt aroma and ﬂavor are low, Not present to low. Noble-type hops are commonly used., Very low to medium-low, Low to medium fruity esters are balanced with low level malt attributes. Low level yeast-derived phenolic spiciness may be present. Diacetyl and acidic character should not be present., Low to medium,
62,5,Belgian-Style Pale Ale,1.044,1.054,11,0.3,1.008,1.014,2.1,3.6,3.2,5,4.1,6.3,20,30,6,12,12,24, Gold to copper, Chill haze is acceptable at low temperatures, Malt aroma should be low. Caramel or toasted malt ﬂavor is acceptable., Low but noticeable. Noble-type hops are commonly used., Low to medium, Low to medium fruity esters are present. Yeast-derived phenolic spicy ﬂavors and aromas should be present at low to medium-low levels. Diacetyl should not be present., Low to medium,
63,5,Belgian-Style Pale Strong Ale,1.064,1.096,15.7,22.9,1.008,1.024,2,6.1,5.6,8.8,7.1,11.2,20,50,3.5,10,7,20, Pale to copper, Chill haze is acceptable at low temperatures, Malt character is low to medium. A complex fruitiness is often present., Medium-low to medium-high, Medium-low to medium-high, Low to medium fruity esters are present. Yeast-derived phenolic spicy ﬂavors and aromas should be present at low to medium-low levels. Diacetyl is usually absent in these beers but may be present at very low levels., Very low to medium, These beers are often brewed with light-colored Belgian candy sugar. Herbs and spices are sometimes used to delicately ﬂavor these strong ales. These beers can be malty in overall impression or dry and highly attenuated. They can have a deceptively high alcohol character and a relatively light body for beers of high alcoholic strength. Some versions may be equally high in alcohol with a more medium in body.
64,5,Belgian-Style Dark Strong Ale,1.064,1.096,15.7,22.9,1.012,1.024,3.1,6.1,5.6,8.8,7.1,11.2,20,50,9,35,18,70, Medium amber to very dark, Chill haze is acceptable at low temperatures," Medium to high malt aroma and complex fruity aromas are distinctive. Medium to high malt intensity can be rich, creamy and sweet. Fruity complexity along with soft roasted malt ﬂavor adds distinct character.", Low to medium, Low to medium, Yeast-derived phenolic spicy ﬂavors and aromas are present at low to medium-low levels. Diacetyl is usually absent in these beers but may be present at very low levels., Medium to full, These beers are often (though not always) brewed with dark Belgian candy sugar. Herbs and spices are sometimes used to delicately ﬂavor these strong ales. These beers are typically well attenuated with a deceptive alcoholic strength.
65,5,Belgian-Style Dubbel,1.06,1.075,14.7,18.2,1.012,1.016,3.1,4.1,5,6,6.3,7.6,20,35,16,36,32,72, Brown to very dark, Chill haze is acceptable at low temperatures. Slight yeast haze may be present in bottle conditioned versions.," Cocoa, dark or dried fruit and/or caramel aroma attributes should be present along with malty sweetness."," Low, if present.", Medium-low to medium, Fruity esters (especially banana) are absent or present at low levels. Clove-like phenolic flavor and aroma may be present at low to medium-low levels. Diacetyl character should not be present., Low to medium, Head should be dense and mousse-like
66,5,Belgian-Style Tripel,1.07,1.092,17.1,33,1.008,1.014,2.1,3.5,5.6,8,7.1,10.1,20,45,4,7,8,14, Pale to pale gold," Chill haze is acceptable at low temperatures. Traditional Tripels are bottle conditioned and may exhibit slight yeast haze. However, yeast should not be intentionally roused.", Low sweetness from very pale malts should be present. There should be no roasted or dark malt character.," Low, if present", Medium to medium-high," A complex, sometimes mildly spicy, aroma and ﬂavor characterize this style. Clove-like phenolic aroma and ﬂavor may be very low. Fruity esters, including banana, are also common, but not required. Traditional Tripels are often well attenuated. Alcohol strength and ﬂavor should be present.", Medium," Head should be dense and mousse-like. Brewing sugar may be used to lighten the body. Hop/malt character should be balanced. The overall beer ﬂavor may ﬁnish sweet, though any sweet ﬁnish should be light."
67,5,Belgian-Style Quadrupel,1.084,1.12,20.2,28,1.014,1.02,3.6,5.1,7.2,11.2,9.1,14.2,25,50,16,36,32,72, Amber to dark brown, Chill haze is acceptable at low temperatures," Caramel, dark sugar and malty sweet ﬂavors and aromas can be intense, but not cloying, and should complement fruitiness.", Not present to very low, Low to medium-low," Perception of alcohol can be strong. Complex fruity ﬂavors, such as raisins, dates, ﬁgs, grapes and/or plums are often present and may be accompanied by wine-like attributes at low levels. Clove-like phenolic ﬂavor and aroma may be present at low to medium-low levels. Diacetyl and DMS should not be present.", Full with creamy mouthfeel," Head should be dense and mousse-like. Quadrupels are well attenuated and are characterized by an intense alcohol presence balanced by other ﬂavors, aromas and bitterness. They are well balanced with savoring/sipping-type drinkability. Oxidized character, if present in aged Quads, should be mild and pleasant."
68,5,Belgian-Style Witbier,1.044,1.05,11,0.4,1.006,1.008,1.5,2.1,3.8,4.4,4.8,5.6,10,17,2,4,4,8, Straw to pale, Unﬁltered starch and yeast haze should be visible. Wits are traditionally bottle conditioned and served cloudy., Very low to low, Hop aroma is not present to low. Hop flavor is not present.," Low, from noble-type hops.", Low to medium fruity esters are present. Mild phenolic spiciness and yeast ﬂavors may be present. Mild acidity is appropriate. Diacetyl should not be present.," Low to medium, with a degree of creaminess from wheat starch."," Wits are brewed with malted barley, unmalted wheat and sometimes oats. They are spiced with coriander and orange peel. Coriander and light orange peel aroma may be present, sometimes as an unidentified spiciness."
69,5,Classic French & Belgian-Style Saison,1.04,1.06,10,0.7,1.004,1.008,1,2,3.5,5.4,4.4,6.8,20,38,3,7,6,14, Straw to light amber, Chill haze or slight yeast haze is acceptable," Low, but providing foundation for the overall balance.", Low to medium and characterized by European-type hops," Medium-low to medium, but not assertive."," Fruity esters are medium to high. Low to medium-low level phenolics may be present, expressed as spice-like or other attributes. Phenolics should not be harsh or dominant and should be in harmony with ester profile and hops. Fruity and spicy black pepper attributes derived from Belgian yeast are common. Diacetyl should not be present. Low levels of Brettanomyces yeast-derived ﬂavors that are slightly acidic, fruity, horsey, goaty and/or leather-like, may be present but are not required. These beers are well attenuated and often bottle conditioned contributing some yeast character and high carbonation.", Very low to low,
70,5,Specialty Saison,1.04,1.08,10,0.3,1.008,1.014,2,3.5,3.5,6.6,4.4,8.4,20,40,3,20,6,40," Straw to dark brown; may take on hue of fruit(s), darker malts or other ingredients", Chill haze or slight yeast haze is acceptable," Typically low to medium-low, but may vary in beers made with specialty malts.", Low to medium-high, Medium to medium-high," Fruity esters are medium to high. Diacetyl should not be present. Complex alcohols, herbs, spices, low Brettanomyces attributes including slightly acidic, fruity, horsey, goaty and leather-like, as well as clovey and smoky phenolics may be present. Herb and/or spice ﬂavors, including notes of black pepper, may be present. A low level of sour acidic ﬂavor is acceptable when in balance with other components. These beers are often bottle conditioned and display some yeast character and high carbonation.", Low to medium," Specialty Saisons represent a very wide family of specialty beers. Entries brewed with dark malts, fruit(s), spice(s) or other special ingredients may deviate substantially from traditional appearance and flavor and from parameters shown in this guideline. Ingredients including spices, herbs, ﬂowers, fruits, vegetables, fermentable sugars and carbohydrates, special yeasts of all types, wood aging, etc. may contribute unique attributes to these beers. Earthy and/or cellar-like aromas are acceptable. Color, body, malt character, esters, alcohol level and hop character should harmonize with attributes from special ingredients."
71,5,French-Style Bière de Garde,1.06,1.08,14.7,19.3,1.012,1.024,3.1,6.1,3.5,6.3,4.4,8,20,30,7,16,14,32, Light amber to chestnut brown/red, Chill haze is acceptable. These beers are often bottle conditioned so slight yeast haze is acceptable., These beers are characterized by a toasted malt aroma along with a slight malt sweetness and/or toasted malt ﬂavor., Low to medium from noble-type hops, Low to medium," Fruity ester aromas are medium to high. Whereas fruity ester ﬂavors are low to medium. Diacetyl should not be present. Bière de Garde may have low levels of Brettanomyces yeast-derived ﬂavors that are slightly acidic, fruity, horsey, goaty and/or leather-like. Beers displaying more pronounced levels of Brettanomyces derived attributes are categorized as Brett Beers. Alcohol may be evident in higher strength beers.", Low to medium, Earthy and/or cellar-like aromas are acceptable.
72,5,Belgian-Style Flanders Oud Bruin or Oud Red Ale,1.044,1.056,11,0.8,1.008,1.016,2.1,4.1,3.8,5.2,4.8,6.6,5,18,12,25,24,50, Copper to very dark. SRM/EBC color values can be misleading because the red spectrum of color is not accurately assessed by these measurement systems., Chill haze is acceptable at low temperatures. Some versions may be more highly carbonated. Bottle conditioned versions may appear cloudy when served., Roasted malt aromas and flavors including cocoa are acceptable at low levels. A very low level of malt sweetness may be present and balanced by acidity from Lactobacillus., Not present," Very low to medium-low, though acidity and wood aging (if used) may mask higher bitterness levels.", Brettanomyces-produced aromas and flavors should be absent or very low. Fruity esters expressed as cherry or green apple attributes are apparent. Overall flavor is characterized by low to high lactic sourness. Some versions may express very low to low acetic sourness and aroma., Low to medium-low with a refreshing mouthfeel, Oaky or woody flavors may be pleasantly integrated. Flavors of wine or distilled spirits associated with used barrels should not be present. Bottle conditioned versions are often a blend of old and young beer to create the brewer’s intended flavor balance.
73,5,Belgian-Style Lambic,1.047,1.056,11.7,13.8,1,1.01,0,2.6,4,6.5,5,8.2,9,23,6,13,12,26, Gold to medium amber, Cloudiness is acceptable, Sweet malt character should not be present," Not present to very low, and can include cheesy or ﬂoral lavender-like attributes. Hop character is achieved by using stale and aged hops at low rates.", Very low," Characteristic horsey, goaty, leathery and phenolic aromas and ﬂavors derived from Brettanomyces yeast are often present at moderate levels. High to very high fruity esters are present. Traditionally, Lambics are unblended and spontaneously fermented. They express high to very high levels of fruity esters as well as bacteria and yeast-derived sourness. Some versions are fermented with the addition of cultured yeast and bacteria. Carbonation can range from very low to high. Vanillin and other wood-derived ﬂavors should not be present.", Very low with dry mouthfeel," Lambics originating in the Brussels area of Belgium are often simply called Lambic. Versions of this beer style made outside of the Brussels area cannot be called true Lambics. These versions are said to be “Belgian-Style Lambic” and may be made to resemble many of the beers of true origin. Historically, traditional Lambic is dry and completely attenuated, exhibiting no residual sweetness either from malt, sugar or other sweeteners. Sweet versions may be created through the addition of sugars or other sweeteners. Traditionally, Lambics are brewed with unmalted wheat and malted barley."
74,5,Traditional Belgian-Style Gueuze Lambic,1.044,1.056,11,0.8,1,1.01,0,2.6,4,7,5,8.9,11,23,6,13,12,26, Gold to medium amber," Cloudiness is acceptable, as Gueuze is traditionally bottle conditioned.", Sweet malt character is not present," Not present to very low and can include cheesy, ﬂoral or lavender-like attributes.", Very low," These unﬂavored blended and secondary fermented Lambic beers may be very dry or mildly sweet and are characterized by intense fruity ester, sour, and acidic attributes. Diacetyl should not be present. Characteristic horsey, goaty, leathery and phenolic aromas and ﬂavors derived from Brettanomyces yeast are often present at moderate levels. Old Lambic is blended with newly fermenting young Lambic to create this special style of Lambic. Vanillin and other wood-derived ﬂavors should not be present. Carbonation can be none (flat) to medium.", Very low with dry mouthfeel," Gueuze Lambics, whose origin is the Brussels area of Belgium, are often simply called Gueuze Lambic. Versions of this beer style made outside of the Brussels area are said to be “Belgian-Style Gueuze Lambics.” The Belgian-style versions are made to resemble many of the beers of true origin. Historically, traditional Gueuze Lambics are dry and completely attenuated, exhibiting no residual sweetness either from malt, sugar or other sweeteners. Traditionally, Gueuze is brewed with unmalted wheat, malted barley, and stale, aged hops."
75,5,Contemporary Belgian-Style Spontaneous Fermented Ale,1.044,1.056,11,0.8,1,1.01,0,2.6,4,7,5,8.9,11,23,6,40,12,80, Gold to very dark," Cloudiness is acceptable, as these beers are frequently bottle conditioned.", Sweet malt character is not present. Some versions may exhibit attributes typical of specialty malts.," Not present to low and can include a cheesy, ﬂoral or lavender-like attributes.", Very low," These unﬂavored blended and secondary fermented beers may be very dry or mildly sweet and are characterized by intense fruity ester, sour, and acidic attributes. Diacetyl should not be present. Characteristic horsey, goaty, leathery and phenolic aromas and ﬂavors derived from Brettanomyces yeast are often present at moderate levels. Aged beer is often blended with young beer to create this special style. Vanillin and other wood-derived ﬂavors should not be present. Carbonation can be none (flat) to medium.", Very low with dry mouthfeel," While taking its inspiration from the Traditional Gueuze-style Lambics whose origin is the Brussels area of Belgium, Contemporary Belgian-Style Spontaneous Fermented Ales may incorporate specialty malts, spices or other flavors or fruited combinations that influence the hue, flavor and aroma of the finished beer such that they differ significantly from traditional examples."
76,5,Belgian-Style Fruit Lambic,1.04,1.072,10,0.5,1.008,1.016,2.1,4.1,4,7,5,8.9,15,21,,,,, Often influenced by the color of added fruit, Cloudiness is acceptable," Malt sweetness should be absent, but sweetness of fruit may be low to high.", Hop aroma and ﬂavor is not present. Cheesy hop character should not be present., Very low," Characteristic horsey, goaty, leathery and phenolic aromas and ﬂavors derived from Brettanomyces yeast are often present at moderate levels. Fermented sourness is an important part of the ﬂavor proﬁle, though sweetness may compromise the intensity. Fruit sourness may also be an important part of the proﬁle. These ﬂavored Lambic beers may be very dry or mildly sweet. Vanillin and other woody ﬂavors should not be present.", Dry to full," These beers, also known by the names Framboise, Kriek, Peche, Cassis, etc., are characterized by fruit aromas and ﬂavors. Fruit Lambics, whose origin is the Brussels area of Belgium, are often simply called Fruit Lambic. Versions of this beer style made outside of the Brussels area are said to be “Belgian-Style Fruit Lambics.” The Belgian-style versions are made to resemble many of the beers of true origin. Historically, traditional Lambics are dry and completely attenuated, exhibiting no residual sweetness either from malt, sugar, fruit or other sweeteners. Some versions often have a degree of sweetness contributed by fruit sugars, other sugars or other sweeteners. See also Belgian-Style Lambic for additional background information. Such beers exhibiting wood-derived attributes should be categorized in other Wood-Aged categories."
77,5,Other Belgian-Style Ale,,,,,,,,,,,,,,,,,,, May vary widely, Chill haze is acceptable at low temperatures, Malt perception may vary widely, May vary widely, May vary widely," Phenolic spiciness may be absent or may be present at low levels. Fruity-ester complexity may range from low to medium, in harmony with malt and other attributes. Diacetyl should not be present.", Varies with style," Beers in this category recognize the uniqueness and traditions of Belgian brewing, but do not hew to any other classic or “Other” Belgian-style categories defined in these guidelines. Balance is a key component when assessing these beers. Wood- and barrel-aged versions which exhibit attributes of wood aging should be categorized as wood- and barrel-aged beers. Fruited versions are categorized as Belgian-style fruit beers."
78,5,Belgian-Style Table Beer,1.008,1.038,2.1,9.5,1.004,1.034,1,8.5,0.4,2.8,0.5,3.5,5,15,5,50,10,100, Gold to black. Caramel color is sometimes added to adjust color.," Beer color may be too dark to perceive. When clarity is perceivable, chill haze is acceptable at low temperatures.", Mild malt character may be present, Not present to very low, Very low to low, Diacetyl should not be present. Traditional versions do not use artiﬁcial sweeteners nor are they excessively sweet. More modern versions can incorporate sweeteners such as sugar and saccharin added post fermentation for additional sweetness and to increase smoothness., Low," These beers may contain malted barley, wheat, and rye as well as unmalted wheat, rye, oats and corn. Though not common, flavorings such as coriander or orange and lemon peel are sometimes added, but are barely perceptible. The mouthfeel is light to moderate, and sometimes boosted with unfermented sugars/malt sugars. Low carbonation and aftertaste are typical."
79,6,Grodziskie,1.028,1.036,7.1,9,1.006,1.01,1.5,2.6,2.1,2.9,2.7,3.7,15,25,3,6,6,12, Straw to gold, Chill haze is acceptable at low temperatures, Oak-smoked wheat malt comprises the entire grain bill. Assertive smoked wheat malt aromas and flavors are medium to medium-high with aroma dominated by oak smoke., Aroma and flavor of noble hops ranges from not present to low, Medium-low to medium, Fruity esters are low. Diacetyl and DMS should not be present. An overall crisp flavor is achieved by managing fermentation temperatures. Sourness should not be present., Low to medium-low, Grodziskie (sometimes referred to as Graetzer in German) is an ale style of Polish origin. Historic versions were often bottle conditioned and highly carbonated.
80,6,Adambier,1.07,1.09,17.1,21.6,1.01,1.02,2.6,5.1,7.1,8.7,9,11,30,50,15,35,30,70, Light brown to very dark," Beer color may be too dark to perceive clarity. When clarity is perceivable, chill haze is absent.", Toast and caramel malt aroma and flavor may be present. Astringency from highly roasted malt should not be present.," Low, with attributes typical of traditional non-hybrid European hop varieties.", Low to medium, A cool ale fermentation is typically used. Extensive aging and acidiﬁcation of this beer can mask malt and hop character to varying degrees. Aging in barrels may contribute some level of Brettanomyces and lactic character., Medium to full," The style originated in Dortmund and is a strong, dark, hoppy ale which may or may not be sour. It may also be extensively aged in wooden barrels. Traditional versions may have a low or medium-low degree of smokiness. Adambier may or may not use wheat in its formulation. Smoke character may be absent in contemporary versions. Fruited versions of this style which exhibit attributes of wood-aging should be categorized as fruited Wood- and Barrel-Aged Sour Beers. Fruited versions of this style which do not exhibit attributes of wood-aging should be categorized as Fruit Wheat Beers."
81,6,"Dutch-Style Kuit, Kuyt or Koyt",1.05,1.08,12.4,19.3,1.006,1.015,1.5,3.7,3.8,6.3,4.7,7.9,25,35,5,12.5,10,25, Gold to copper, Chill haze and other haze is acceptable," The aroma is grainy or grainy-bready. The distinctive character of this beer is derived from the use of at least 45 percent oat malt, at least 20 percent wheat malt with pale malt making up the remainder of the grain bill.", Very low to low from noble hops or other traditional European varieties, Medium-low to medium, Esters may be present at low levels. Diacetyl is usually absent in these beers but may be present at very low levels. Acidity and sweet corn-like DMS should not be present., Low to medium, This style of beer was popular in the Netherlands from 1400-1550
82,6,Classic Australian-Style Pale Ale,1.04,1.052,10,13,1.004,1.01,1,2.5,3.2,4.7,4,6,15,35,3,10,6,20, Straw to copper, Chill haze and/or a hazy appearance caused by yeast is acceptable at low levels, Low malt sweetness and other malt attributes are present, Low to medium, Low to medium," Perceivable fruity esters should be present, and are a defining character of this beer style, balanced by low to medium hop aroma. Overall flavor impression is mild. Clean yeasty, bready character may be present. Yeast in suspension if present may impact overall perception of bitterness. Diacetyl is usually absent in these beers but may be present at very low levels. DMS should not be present.", Low to medium with a dry finish,
83,6,Australian-Style Pale Ale,1.04,1.052,10,13,1.006,1.01,1.5,2.5,3.2,4.7,4,6,15,40,3,9,6,18, Straw to medium amber," Yeast, chill and/or hop haze may be present in this style at low levels but are not essential", Very low to medium," Medium-low to medium-high, exhibiting attributes typical of modern Australian hop varieties such as tropical fruit, mango, passionfruit, and/or stone-fruit", Low to medium-high, Very low to low fruity esters are acceptable but not essential., Low to medium-low with a dry finish," Overall impression is a well-integrated easy drinking, refreshing pale ale style with distinctive fruity Australian hop aromas and flavours. Diacetyl is usually absent in these beers but may be present at very low levels. DMS should not be present."
84,6,International-Style Pale Ale,1.04,1.06,10,0.7,1.006,1.014,1.5,3.6,3.5,5.2,4.4,6.6,20,42,5,12,10,24, Gold to copper, Chill haze is acceptable at low temperatures, Very low to medium malt flavor and aroma should be present. Low caramel malt aroma and flavor may be present.," Hop aroma is low to high. Hop ﬂavor is very low to high. Hop character can vary widely depending on variety and origin of hops used, and should reflect attributes typical of non-U.S. and non-British variety hops.", Medium to high, Fruity esters are low to high. Diacetyl is usually absent in these beers but may be present at very low levels. DMS should not be present., Low to medium,
85,6,Finnish-Style Sahti,1.06,1.09,14.7,21.6,1.016,1.04,4,10,5.6,6.8,7,8.5,3,16,4,12,8,24, Pale to copper," Chill haze, yeast haze and general turbidity is acceptable.", Malt aroma is medium-low to medium. Malt ﬂavor is medium to high with malt sweetness present., Not present to very low, Very low," These beers can vary significantly in character. Fruity ester and yeasty aromas are medium to high. Diacetyl should not be present. Bread/bakers’ yeast is traditionally used for fermentation and may produce flavors and aromas of complex alcohols, clove-like phenolics and banana fruitiness.", Medium to full, Juniper aroma and ﬂavor should be present due to the use of juniper boughs/branches and berries in the brewing process
86,6,Swedish-Style Gotlandsdricke,1.04,1.05,10,0.4,1.01,1.014,2.5,3.5,4.4,5.2,5.5,6.5,15,25,4,12,8,24, Pale to copper, Chill haze or yeast haze is acceptable," Medium-low to medium. Birchwood smoke character, derived from the malting process, should be present.", Not present to very low, Very low to medium-low, Bread/bakers’ yeast is traditionally used for fermentation and contributes to unique character of these beers. Fruity ester and yeasty aromas are medium to high. Diacetyl should not be present., Medium to full, Juniper aroma and flavor should be present due to the use of juniper boughs/branches and berries in the brewing process. These beers are characterized by juniper and birchwood smoked malt.
87,6,Breslau-Style Schoeps,1.067,1.072,16.5,17.5,1.016,1.024,4.5,6.1,4.8,5.6,6,7,20,30,2,40,4,80, Straw to black, Chill haze is acceptable at low temperatures. Hue may be too dark to perceive clarity in some versions.," Malt sweetness is medium to medium-high with a pronounced malt character. A high proportion of pale or dark wheat malt (as much as 80 percent) is used to brew these beers as well as Pilsener and other pale, toasted or dark specialty malts. Paler versions may have bready, aromatic biscuit malt attributes. Darker versions may exhibit roast malt bitterness at low levels, and toasted or nutty malt attributes. Caramel-like malt attributes are not present.", Very low, Medium-low to medium, Fruity esters may be present as these beers are fermented with ale yeast as opposed to wheat beer yeast. Diacetyl and phenolic aromas and ﬂavors should not be present., Full, Traditional German wheat beer yeast is not used in this style of beer.
